-114.16206,51.15717,"Costco: Calgary NW (Gas),","11588 Sarcee Trail NW; Hwy 201 Exit 46,Calgary AB ,T3R 0A1"
-113.98864,51.07883,"Costco: Calgary North,","2853 32nd Street NE,Calgary AB ,T1Y 6T7"
-113.911809,51.04179,"Costco: Calgary East (Gas/Diesel),","75 E Hills Blvd SE,Calgary AB ,T2A 6J8"
-114.044867,50.98953,"Costco: Calgary South (Gas),","99 Heritage Gate SE,Calgary AB ,T2H 3A7"
-113.57876,53.57903,"Costco: Edmonton North (Gas),","12450 149th St NW,Edmonton AB ,T5V 1G9"
-113.41394,53.59538,"Costco: Edmonton East (Gas),","13650 50th Street,Edmonton AB ,T5A 4Y3"
-113.468621,53.455234,"Costco: Edmonton South (Gas),","2616 91st Street NW,Edmonton AB ,T6N 1N2"
-113.68796,53.5286,"Costco: Edmonton West (Gas),","7259 Winterburn Rd,Edmonton AB ,T5T 6T7"
-118.845291,55.169518,"Costco: Grande Prairie (Gas),","9901 116th St,Grand Prairie AB ,T8V 6H6"
-112.794871,49.660711,"Costco: Lethbridge (Gas),","3200 Mayor Magrath Drive South,Lethbridge AB ,T1K 6Y6"
-110.732632,50.062658,"Costco: Medicine Hat (Gas),","2350 Box Springs Blvd NW,Medicine Hat AB ,T1C 0C8"
-113.94889,50.70502,"Costco: Okotoks (Gas),","202-104 Southbank Blvd,Okotoks AB ,T1S 0G1"
-113.802295,52.266741,"Costco: Red Deer (Gas),","162 Leva Ave; Hwy 2 Exit 391,Red Deer AB ,T4E 1B9"
-113.984357,51.210648,"Costco: Rocky View (Gas),","300-293020 Crossiron Blvd; Hwy 2 Exit 275,Rocky View AB ,T4A 0J6"
-113.3184,53.54635,"Costco: Sherwood Park (Gas),","2201 Broadmoor Blvd,Sherwood AB ,T8H 0A1"
-113.639642,53.671545,"Costco: St. Albert (Gas),","1075 St Albert Trail,St Albert AB ,T8N 4K6"
-149.88409,61.143268,"Costco: Anchorage (Gas/Diesel),","330 West Dimond Blvd,Anchorage AK ,99515"
-149.803725,61.211183,"Costco: Anchorage NE (Gas),","4125 DeBarr Rd,Anchorage AK ,99508"
-134.482326,58.359471,"Costco: Juneau,","5225 Commercial Blvd,Juneau AK ,99801"
-86.812736,33.379407,"Costco: Hoover (Gas),","3650 Galleria CR; I-459 Exit 13,Hoover AL ,35244"
-86.602743,34.743447,"Costco: Huntsville (Gas),","1205 Memorial Pkwy NW; I-565 Exit 19,Huntsville AL ,35801"
-88.117864,30.64957,"Costco: Mobile (Gas),","1450 Tingle Circle W; I-65 Exit 1;,Mobile AL ,36606"
-86.150351,32.364358,"Costco: Montgomery (Gas),","8251 Eastchase Pkwy; I-85 Exit 11,Montgomery AL ,36117"
-112.274438,33.467334,"Costco: Avondale (Gas),","10000 W McDowell Rd; I-10 Exit 133,Avondale AZ ,85392"
-111.898873,33.293473,"Costco: Chandler (Gas),","595 S Galleria Way; Hwy 202 Exit 50B,Chandler AZ ,85226"
-111.840433,33.376299,"Costco: Gilbert  (Gas),","1415 N Arizona Ave; Hwy 60 Exit 179,Gilbert AZ ,85233"
-111.744989,33.296136,"Costco: Gilbert SE (Gas),","2887 S Market St,Gilbert AZ ,85295"
-112.232641,33.642349,"Costco: Glendale (Gas),","17550 N 79th Ave; Hwy 101 Exit 15,Glendale AZ ,85308"
-111.669376,33.388798,"Costco: Mesa (Gas),","1444 S Sossaman Road; Hwy 60 Exit 189,Mesa AZ ,85209"
-112.095189,33.520692,"Costco: Phoenix (Gas),","1646 W Montebello Ave; I-17 Exit 203,Phoenix AZ ,85015"
-112.115858,33.659513,"Costco: Phoenix N (Gas),","19001 N 27th Ave; I-17 Exit 214,Phoenix AZ ,85027"
-112.028789,33.67133,"Costco: Cave Creek (Gas),","2450 E Beardsley Rd; Hwy 101 Exit 28,Phoenix AZ ,85050"
-112.127938,33.492157,"Business Center: Phoenix (Gas/Diesel),","3801 N 33rd Ave; I-17 Exit 202,Phoenix AZ ,85017"
-111.985145,33.474271,"Costco: Phoenix (Gas),","4502 East Oak St,Phoenix AZ ,85008"
-111.986626,33.604148,"Costco: Paradise Valley (Gas),","4570 E Cactus Rd,Phoenix AZ ,85032"
-112.396843,34.547881,"Costco: Prescott (Gas/Diesel),","3911 Hwy-69,Prescott AZ ,86301"
-111.900647,33.62407,"Costco: Scottsdale (Gas),","15255 North Hayden Rd; Hwy 101 Exit 38/39,Scottsdale AZ ,85260"
-111.96185,33.34713,"Costco: Tempe (Gas),","1445 W Elliot Rd; I-10 Exit 157,Tempe AZ ,85284"
-111.04966,32.326112,"Costco: Tucson NW (Gas),","3901 W Costco Dr; I-10 Exit 250,Tucson AZ ,85741"
-110.859813,32.251294,"Costco: Tucson (Gas),","6255 East Grant Rd,Tucson AZ ,85712"
-110.946766,32.179971,"Costco: Tucson SW (Gas),","1650 E Tucson Marketplace; I-10 Exit 261,Tuscon AZ ,85713"
-122.266127,49.022821,"Costco: Abbotsford (Gas),","1127 Sumas Way; Hwy 1 Exit 92,Abbotsford BC ,V2S 8H2"
-122.9189,49.25132,"Costco: Burnaby,","3550 Brighton Avenue,Burnaby BC ,V5A 4W3"
-123.001236,49.261654,"Costco: Willingdon,","4500 Still Creek Dr; Hwy 1 Exit 29,Burnaby BC ,V5C 0E5"
-124.9619,49.713216,"Costco: Courtenay (Gas),","588 Crown Isle Blvd,Courtenay BC ,V9N 0A6"
-120.388151,50.654991,"Costco: Kamloops, (Gas),","1675 Versatile Drive,Kamloops BC ,V1S 1W7"
-119.419494,49.887018,"Costco: Kelowna,","2479 Highway 97,Kelowna BC ,V1X 4J2"
-122.654811,49.119599,"Costco: Langley (Gas),","20499 64th Ave,Langley BC ,V2Y 1N5"
-124.045,49.236774,"Costco: Nanaimo,","6700 Island Highway N.,Nanaimo BC ,V9V 1K8"
-122.74518,49.256434,"Costco: Port Coquitlam (Gas),","2370 Ottawa St,Port Coquitlam BC ,V3B 7Z1"
-122.771487,53.883146,"Costco: Prince George (Gas),","2555 Range Road,Prince George BC ,V2N 4GB"
-123.122824,49.192502,"Costco: Richmond,","9151 Bridgeport Road; Hwy 99 Exit 39,Richmond BC ,V6X 3L9"
-122.84572,49.13744,"Costco: Surrey,","7423 King George Highway,Surrey BC ,V3W 5A8"
-123.10879,49.27861,"Costco: Vancouver,","605 Expo Blvd,Vancouver BC ,V6B 1V4"
-123.501499,48.458039,"Costco: Langford (Gas),","799 McCallum Road,Victoria BC ,V9B 6A2"
-118.148531,34.089515,"Costco: Alhambra (Gas),","2207 West Commonwealth Ave,Alhambra CA ,91803"
-121.838914,38.009793,"Costco: Antioch (Gas),","2201 Verne Roberts Cir; Hwy 4 Exit 26,Antioch CA ,94509"
-117.925681,34.131982,"Costco: Azusa (Gas),","1220 W Foothill Blvd; I-210 Exit 38,Azusa CA ,91702"
-119.049137,35.384448,"Costco: Bakersfield (Gas/Diesel),","3800 Rosedale Hwy; Hwy 99 Exit 26,Bakersfield CA ,93308"
-119.058331,35.297436,"Costco: Bakersfield SW (Gas),","4900 Panama Ln; Hwy 99 Exit 20,Bakersfield CA ,93313"
-118.323807,34.185815,"Costco: Burbank (Gas),","1051 Burbank Blvd; I-5 Exit 146,Burbank CA ,91506"
-117.31655,33.120138,"Costco: Carlsbad (Gas),","951 Palomar Airport Rd; I-5 Exit 47,Carlsbad CA ,92011"
-121.811364,39.721196,"Costco: Chico (Gas),","2100 Dr MLK Pkwy; Hwy 99 Exit 384,Chico CA ,95928"
-117.742454,34.014146,"Costco: Chino Hills (Gas),","13111 Peyton Dr,Chino Hills CA ,91709"
-117.083846,32.608833,"Costco: Chula Vista (Gas),","1130 Broadway; I-5 Exit 6,Chula Vista CA ,91911"
-117.022265,32.637558,"Costco: Rancho Del Rey (Gas/Diesel),","895 East H St; I-805 Exit 7,Chula Vista CA ,91910"
-121.29713,38.689428,"Costco: Citrus Heights (Gas),","7000 Auburn Blvd,Citrus Heights CA ,95621"
-117.922303,33.994637,"Costco: City of Industry (Gas),","17550 Castleton St; Hwy 60 Exit 18,City of Industry CA ,91748"
-119.715696,36.792945,"Costco: Clovis (Gas),","380 West Ashlan Ave; Hwy 168 Exit 3,Clovis CA ,93612"
-118.141262,33.994516,"Business Center: Commerce (Gas),","6333 Telegraph Rd; I-5 Exit 128,Commerce CA ,90040"
-122.034196,37.959142,"Costco: Concord (Gas/Diesel),","2400 Monument Blvd,Concord CA ,94520"
-117.522629,33.88612,"Costco: Corona (Gas),","480 McKinley St; Hwy 91 Exit 53,Corona CA ,92879"
-118.039464,33.804531,"Costco: Cypress (Gas),","5401 Katella Ave; I-605 Exit 1,Cypress CA ,90720"
-121.972853,37.78259,"Costco: Danville,","3150 Fostoria Way; I-680 Exit 38,Danville CA ,94526"
-115.572955,32.812024,"Costco: El Centro (Gas),","2030 North Imperial Ave,El Centro CA ,92243"
-124.182942,40.792172,"Costco: Eureka (Gas),","1006 West Wabash Ave,Eureka CA ,95501"
-122.144911,38.215406,"Costco: Fairfield (Gas),","5101 Business Center Dr; I-80 Exit 40,Fairfield CA ,94534"
-121.109486,38.645499,"Costco: Folsom (GasDiesel),","1800 Cavitt Court; Hwy 50 Exit 27,Folsom CA ,95630"
-117.443071,34.137526,"Costco: Fontana (Gas),","16505 Sierra Lakes Pkwy; I-210 Exit 66 or 67,Fontana CA ,92336"
-122.27469,37.561758,"Costco: Foster City,","1001 Metro Center Blvd,Foster City CA ,94404"
-117.931733,33.703448,"Costco: Fountain Valley (Gas),","17900 Newhope; I-405 Exit 12,Fountain Valley CA ,92708"
-121.973307,37.50183,"Costco: Fremont (Gas),","43621 Pacific Commons Blvd; I-880 Exit 15,Fremont CA ,94538"
-119.874082,36.809907,"Costco: Fresno (Gas),","4500 W Shaw Ave; Hwy 99 Exit 140,Fresno CA ,93722"
-119.787951,36.839631,"Costco: Fresno North (Gas/Diesel),","7100 N Abby St; Hwy 41 Exit 134;,Fresno CA ,93720"
-117.922128,33.862454,"Costco: Fullerton (Gas),","900 S Harbor Blvd; Hwy 91 Exit 28,Fullerton CA ,92832"
-117.940721,33.772405,"Costco: Garden Grove (Gas),","11000 Garden Grove Blvd; Hwy 22 Exit 11,Garden Grove CA ,92843"
-121.556611,37.008381,"Costco: Gilroy (Gas),","7251 Camino Arroyo; Hwy 101 Exit 356,Gilroy CA ,95020"
-119.874786,34.427788,"Costco: Goleta,","7095 Market Place Dr; Hwy 101 Exit 108,Goleta CA ,93117"
-119.50206,36.328655,"Costco: Hanford (Gas/Diesel),","2395 E Lacey Blvd,Hanford CA ,93230"
-118.342576,33.918618,"Business Center: Hawthorne,","12530 Praire Ave,Hawthorne CA ,90250"
-118.373465,33.899816,"Costco: Hawthorne (Gas),","14501 Hindry Ave; I-405 Exit 43,Hawthorne CA ,90250"
-122.10278,37.667516,"Business Center: Hayward,","22330 Hathaway Ave; I-880 Exit 29,Hayward CA ,94541"
-122.088805,37.615927,"Costco: Hayward (Gas),","28505 Hesperian Blvd; I-880 Exit 25,Hayward CA ,94545"
-117.996841,33.732982,"Costco: Huntington Beach (Gas),","7562 Center Ave; I-405 Exit 16,Huntington Beach CA ,92647"
-118.333785,33.943286,"Costco: Inglewood (Gas),","3560 West Century Blvd,Inglewood CA ,90303"
-117.745618,33.660192,"Costco: Irvine (Gas/Diesel),","115 Technology West Dr; I-5 Exit 94,Irvine CA ,92618"
-117.9687,33.933034,"Costco: La Habra (Gas),","101 N Beach Blvd,La Habra CA ,90631"
-117.024581,32.773775,"Costco: La Mesa,","8125 Fletcher Pkwy; I-8 Exit 13,La Mesa CA ,91941"
-116.273501,33.704383,"Costco: La Quinta (Gas),","79795 Hwy-111,La Quinta CA ,92253"
-117.710912,33.566778,"Costco: Laguna Marketplace  (Gas),","27220 Heather Ridge Rd,Laguna Niguel CA ,92677"
-117.676959,33.555311,"Costco: Laguna Niguel (Gas),","27972 Cabot Rd,Laguna Niguel CA ,92677"
-117.339829,33.696321,"Costco: Lake Elsinore (Gas),","29315 Central Ave; I-15 Exit 77,Lake Elsinore CA ,92532"
-118.136754,33.8505,"Costco: Lakewood (Gas),","340 Lakewood Center Mall,Lakewood CA ,90712"
-118.151561,34.66175,"Costco: Lancaster (Gas),","1141 West Ave L; Hwy 14 Exit 41,Lancaster CA ,93534"
-121.812562,37.702888,"Costco: Livermore (Gas),","2800 Independence Dr; I-580 Exit 50,Livermore CA ,94551"
-121.263328,38.10026,"Costco: Lodi (Gas),","2680 Reynolds Ranch Pkwy; Hwy 99 Exit 263,Lodi CA ,95240"
-118.263965,34.129009,"Costco: Los Feliz,","2901 Los Feliz Blvd; I-5 Exit 141,Los Angeles CA ,90039"
-121.260319,37.785154,"Costco: Manteca (Gas),","2440 Daniels St; Hwy 120 Exit 3,Manteca CA ,95336"
-118.447453,33.993031,"Costco: Culver City (Gas),","13463 Washington Blvd,Marina del Rey CA ,90292"
-120.496987,37.303226,"Costco: Merced (Gas),","1445 R Street,Merced CA ,95340"
-121.066252,37.700208,"Costco: Modesto (Gas),","3801 Pelandale Ave; Hwy 99 Exit 233,Modesto CA ,95356"
-117.690558,34.083034,"Costco: Montclair (Gas),","9404 Central Ave; I-10 Exit 49,Montclair CA ,91763"
-118.09714,34.034218,"Costco: Montebello,","1345 N Montebello Blvd; Hwy 60 Exit 8,Montebello CA ,90640"
-117.277018,33.935476,"Costco: Moreno Valley (Gas),","12700 Day St; Hwy 60 Exit 59,Moreno Valley CA ,92553"
-122.095432,37.420747,"Costco: Mountain View,","1000 North Rengstorff Ave; Hwy 101 Exit 400,Mountain View CA ,94043"
-118.380171,34.199735,"Business Center: Burbank,","11428 Sherman Way,North Hollywood CA ,91605"
-118.550325,34.230673,"Costco: Northridge (Gas),","8810 Tampa Ave,Northridge CA ,91324"
-118.102311,33.919881,"Costco: Norwalk (Gas/Diesel),","12324 Hoxie Ave; I-605 Exit 9 or 10,Norwalk CA ,90650"
-122.550638,38.087262,"Costco: Novato,","300 Vintage Way; Hwy 101 Exit 460/462,Novato CA ,94945"
-119.147739,34.225207,"Costco: Oxnard (Gas),","2001 East Ventura Blvd; Hwy 101 Exit 60/61,Oxnard CA ,93036"
-118.427186,34.272342,"Costco: Pacoima (Gas),","13550 W Paxton St; Hwy 118 Exit 44,Pacoima CA ,91331"
-116.389363,33.803945,"Costco: Coachella Valley (Gas),","72800 Dinah Shore Dr; I-10 Exit 131,Palm Desert CA ,92211"
-117.032326,32.93518,"Costco: Poway (Gas),","12155 Tech Center Dr,Poway CA ,92064"
-121.263848,38.588193,"Costco: Rancho Cordova (Gas),","11260 White Rock Rd,Rancho Cordova CA ,95742"
-117.548114,34.079006,"Costco: Rancho Cucamonga (Gas),","11800 4th St; I-15 Exit 110,Rancho Cucamonga CA ,91739"
-122.344951,40.586359,"Costco: Redding,","1300 Dana Drive,Redding CA ,96003"
-122.216576,37.479307,"Costco: Redwood City (Gas),","2300 Middlefield Rd; Hwy 101 Exit 408,Redwood City CA ,94063"
-122.322617,37.898005,"Costco: Richmond (Gas),","4801 Central Ave; I-580 Exit 14,Richmond CA ,94804"
-122.717443,38.353073,"Costco: Rohnert Park (Gas/Diesel),","5901 Redwood Dr; Hwy 101 Exit 483,Rohnert Park CA ,94928"
-121.267708,38.780118,"Costco: Roseville (Gas/Diesel),","6750 Stanford Ranch Rd; Hwy 65 Exit 307,Roseville CA ,95678"
-121.452667,38.597106,"Costco: Sacramento (Cal Expo) (Gas),","1600 Expo Pkwy,Sacramento CA ,95815"
-121.414341,38.468475,"Costco: South Sacramento (Gas),","7981 East Stockton Blvd,Sacramento CA ,95823"
-121.668553,36.703852,"Costco: Salinas,","1339 North Davis Rd; Hwy 101 Exit 330,Salinas CA ,93907"
-117.263372,34.06839,"Costco: San Bernardino (Gas),","1099 E Hospitality Ln; I-10 Exit 74,San Bernardino CA ,92408"
-117.076942,32.987135,"Costco: San Diego (Gas),","12350 Carmel Mountain Rd,San Diego CA ,92128"
-117.128624,32.782487,"Costco: Mission Valley (Gas),","2345 Fenton Pkwy,San Diego CA ,92108"
-117.225899,32.823589,"Costco: San Diego (Gas),","4605 Morena Blvd; I-5 Exit 23,San Diego CA ,92117"
-117.116054,32.712802,"Costco: San Diego SE (Gas),","650 Gateway Center Dr; Hwy 94 Exit 2,San Diego CA ,92102"
-117.153749,32.816477,"Business Center: San Diego,","7803 Othello Ave,San Diego CA ,92111"
-117.828417,34.113535,"Costco: San Dimas (Gas),","520 N Lone Hill Ave,San Dimas CA ,91773"
-122.410808,37.770712,"Costco: San Francisco,","450 10th Street,San Francisco CA ,94103"
-121.884167,37.390484,"Costco: San Jose NE (Gas),","1709 Automation Pkwy; I-680 Exit 5,San Jose CA ,95131"
-121.851795,37.309751,"Costco: San Jose (Gas),","2201 Senter Rd,San Jose CA ,95112"
-121.879999,37.253214,"Costco: Almaden,","5301 Almaden Expressway; Hwy 85 Exit 5,San Jose CA ,95118"
-121.78469,37.243211,"Costco : Great Oaks (Gas/Diesel),","6898 Raleigh Rd,San Jose CA ,95119"
-117.678038,33.46957,"Costco: San Juan Capistrano (Gas),","33961 Doheny Park Rd,San Juan Capistrano CA ,92675"
-122.181804,37.720511,"Costco: San Leandro (Gas),","1900 Davis St; I-880 Exit 34,San Leandro CA ,94577"
-120.691223,35.251848,"Costco: San Luis Obispo (Gas),","1540 Froom Ranch Way,San Luis Obispo CA ,93405"
-117.124706,33.136465,"Costco: San Marcos (Gas),","725 Center Dr; Hwy 78 Exit 16,San Marcos CA ,92069"
-121.845388,36.616958,"Costco: Sand City,","801 Tioga Ave,Sand City CA ,93955"
-121.938725,37.357265,"Costco: Santa Clara (Gas),","1601 Coleman Ave,Santa Clara CA ,95050"
-118.461634,34.404672,"Costco: Santa Clarita (Gas),","18649 Via Princessa; Hwy 14 Exit 6,Santa Clarita CA ,91387"
-122.034014,36.984381,"Costco: Santa Cruz (Gas/Diesel),","220 Sylvania Ave,Santa Cruz CA ,95060"
-120.420404,34.925348,"Costco: Santa Maria (Gas/Diesel),","1700 S Bradley Rd,Santa Maria CA ,93454"
-122.711425,38.419813,"Costco: Santa Rosa (Gas),","1900 Santa Rosa Ave; Hwy 101 Exit 488,Santa Rosa CA ,95407"
-116.987309,32.841297,"Costco: Santee (Gas),","101 Town Center Pkwy,Santee CA ,92071"
-118.16474,33.803265,"Costco: Signal Hill,","2200 East Willow St; I-405 Exit 29,Signal Hill CA ,90755"
-118.796294,34.283786,"Costco: Simi Valley (Gas/Diesel),","2660 Park Center Dr; Hwy 118 Exit 22,Simi Valley CA ,93065"
-122.448871,37.665603,"Costco: El Camino (Gas),","1600 El Camino Real,South San Francisco CA ,94080"
-122.400632,37.642356,"Costco: South San Francisco (Gas),","451 S Airport Blvd,South San Francisco CA ,94080"
-122.401137,37.661183,"Business Center: South San Francisco,","900 Dubuque Ave S; Hwy 101 Exit 425,South San Francisco CA ,94080"
-121.292752,38.018799,"Costco: Stockton (Gas),","1616 East Hammer Ln; Hwy 99 Exit 258,Stockton CA ,95210"
-121.994668,37.372026,"Costco: Sunnyvale (Gas),","150 Lawrence Station Rd; Hwy 101 Exit 394,Sunnyvale CA ,94086"
-117.154362,33.521227,"Costco: Temecula (Gas/Diesel),","26610 Ynez Rd; I-15 Exit 61,Temecula CA ,92591"
-118.334226,33.80822,"Costco: Torrance (Gas/Diesel),","2640 Lomita Blvd,Torrance CA ,90505"
-121.475704,37.750507,"Costco: Tracy (Gas),","3250 W Grant Line Rd; I-205 EXit 6,Tracy CA ,95377"
-120.888552,37.519131,"Costco: Turlock (Gas),","2955 N Tegner Rd; Hwy 99 Exit 215,Turlock CA ,95380"
-117.796501,33.728469,"Costco: Tustin Ranch,","2655 El Camino Real; I-5 EXit 101,Tustin CA ,92782"
-117.822905,33.699912,"Costco: Tustin (Gas),","2700 Park Ave,Tustin CA ,92782"
-121.980193,38.35053,"Costco: Vacaville (Gas),","1051 Hume Way,Vacaville CA ,95687"
-122.213426,38.133233,"Costco: Vallejo (Gas),","198 Plaza Dr; I-80 Exit 33,Vallejo CA ,94591"
-118.463562,34.181421,"Costco: Van Nuys (Gas),","6100 Sepulveda Blvd; I-405 Exit 65,Van Nuys CA ,91411"
-117.318536,34.515099,"Costco: Victorville (Gas),","14555 Valley Center Dr; I-15 Exit 151,Victorville CA ,92392"
-119.306547,36.29282,"Costco: Visalia (Gas/Diesel),","1405 W Cameron Ave,Visalia CA ,93277"
-117.276448,33.18833,"Costco: Vista (Gas),","1755 Hacienda Dr; Hwy 78 Exit 4,Vista CA ,92081"
-118.797122,34.152178,"Costco: Westlake Village,","5700 Lindero Canyon Rd; Hwy 101 Exit 39,Westlake Village CA ,91362"
-117.993071,33.768513,"Business Center: Westminster,","13225 Beach Blvd,Westminster CA ,92683"
-118.602814,34.186963,"Costco: Woodland Hills (Gas/Diesel),","21800 Victory Blvd,Woodland Hills CA ,91367"
-121.722189,38.672585,"Costco: Woodland (Gas),","2299 Bronze Star Dr; I-5 Exit 536,Woodland CA ,95776"
-117.743992,33.875818,"Costco: Yorba Linda,","22633 Savi Ranch Pkwy; Hwy 91 Exit 39,Yorba Linda CA ,92887"
-105.083002,39.790269,"Costco: Arvada (Gas),","5195 Wadsworth Blvd; I-70 Exit 269,Arvada CO ,80002"
-104.868706,39.690654,"Costco: Aurora (Gas),","1471 South Havana,Aurora CO ,80012"
-104.821879,38.905252,"Costco: Colorado Springs West (Gas),","5050 N Nevada Ave,Colorado Springs CO ,80918"
-104.71771,38.892736,"Costco: Colorado Springs East (Gas),","5885 Barnes Rd,Colorado Springs CO ,80922"
-105.014405,39.709312,"Business Center: Denver,","400 S Zuni St; I-25 Exit 207,Denver CO ,80223"
-106.890825,39.644362,"Costco: Gypsum Eagle County (Gas/Diesel),","170 Cooley Mesa Rd,Gypsum CO ,81637"
-105.086534,39.636904,"Costco: Southwest Denver (Gas),","7900 West Quincy Ave,Littleton CO ,80123"
-104.877403,39.557748,"Costco: Douglas County (Gas),","8686 Park Meadows Center Dr,Littleton CO ,80124"
-104.775951,39.555576,"Costco: Parker (Gas),","18414 Cottonwood Dr; I-470 Exit 5;,Parker CO ,80134"
-105.008148,39.643831,"Costco: Sheridan (Gas),","4000 River Point Pkwy,Sheridan CO ,80110"
-105.174286,39.959535,"Costco: Superior (Gas),","600 Marshall Rd,Superior CO ,80027"
-104.983261,39.99149,"Costco: Thornton (Gas),","16375 N Washington St; I-25 Exit 228 or 229,Thornton CO ,80023"
-104.98892,40.520554,"Costco: Timnath (Gas/Diesel),","4705 Weitzel St; I-25 Exit 265,Timnath CO ,80547"
-105.066639,39.862391,"Costco: Westminster (Gas),","6400 W 92nd Ave,Westminster CO ,80030"
-73.406385,41.441957,"Costco: Brookfield (Gas),","200 Federal Rd,Brookfield CT ,06804"
-72.575101,41.994163,"Costco: Enfield (Gas),","75 Freshwater Blvd; I-91 Exit 47,Enfield CT ,06082"
-73.024667,41.250934,"Costco: Milford (Gas),","1718 Boston Post Rd,Milford CT ,06460"
-72.764989,41.709821,"Costco: New Britain (Gas),","405 Hartford Rd,New Britain CT ,06053"
-73.451455,41.092017,"Costco: Norwalk,","779 Connecticut Ave,Norwalk CT ,06854"
-72.967736,41.539385,"Costco: Waterbury (Gas),","3600 East Main St; I-84 Exit 25 or 26,Waterbury CT ,06705"
-76.950432,38.920378,"Costco: Washington,","2441 Market St NE,Washington DC ,20018"
-75.647557,39.677752,"Costco: Christiana,","900 Center Blvd,Newark DE ,19702"
-81.417349,28.660994,"Costco: Altamonte Springs (Gas),","741 Orange Ave; I-4 Exit 92,Altamonte Springs FL ,32714"
-80.100373,26.412806,"Costco: Boca Raton (Gas),","17800 Congress Ave,Boca Raton FL ,33487"
-82.33135,27.921299,"Costco: Brandon (Gas),","10921 Causeway Blvd,Brandon FL ,33511"
-82.728772,27.956167,"Costco: Clearwater (Gas),","2655 Gulf to Bay Blvd,Clearwater FL ,33759"
-80.247437,26.096586,"Costco: Davie (Gas),","1890 S University Dr; I-595 Exit 5,Davie FL ,33324"
-80.331173,25.774104,"Costco: Miami,","8300 Park Blvd,Doral FL ,33126"
-81.785933,26.489631,"Costco: Estero (Gas),","10088 Gulf Center Dr; I-75 Exit 128,Fort Myers FL ,33913"
-81.874196,26.544566,"Costco: Fort Myers (Gas),","7171 Cypress Lake Dr,Fort Myers FL ,33907"
-81.533481,30.251894,"Costco: Jacksonville,","4901 Gate Pkwy,Jacksonville FL ,32246"
-80.41256,25.653246,"Costco: Kendall (Gas),","13450 SW 120th Street,Kendall FL ,33186"
-80.087587,26.807198,"Costco: Palm Beach Gardens,","3250 Northlake Blvd; I-95 Exit 77,Lake Park FL ,33403"
-80.071094,26.588488,"Costco: Lantana (Gas),","1873 Lantana Rd; I-95 Exit 61,Lantana FL ,33462"
-82.392838,28.188421,"Costco : Wesley Chapel (Gas),","2225 Grand Cypress Dr,Lutz FL ,33559"
-80.29903,25.923078,"Costco: Miami Lakes (Gas),","16580 NW 59th Ave,Miami Lakes FL ,33014"
-80.156203,25.909564,"Costco: North Miami (Gas),","14585 Biscayne Blvd,Miami FL ,33181"
-80.322723,25.77376,"Costco: Miami (Gas),","7795 W Flagler St,Miami FL ,33144"
-81.775331,26.220651,"Costco: Naples (Gas),","6275 Naples Blvd,Naples FL ,34109"
-81.406638,28.404575,"Business Center: Orlando,","2101 Water Bridge Blvd,Orlando FL ,32837"
-81.424902,28.495409,"Costco: Orlando (Gas),","4696 Gardens Park Blvd,Orlando FL ,32839"
-80.360331,26.009617,"Costco: Pembroke Pines (Gas),","15915 Pines Blvd; I-75 Exit 9,Pembroke Pines FL ,33027"
-80.150038,26.273362,"Costco: Pompano Beach (Gas),","1800 W Sample Rd; I-95 Exit 39,Pompano Beach FL ,33064"
-80.221067,26.683311,"Costco: Royal Palm Beach (Gas),","11001 Southern Blvd,Royal Palm Beach FL ,33411"
-82.494371,27.234098,"Costco: Sarasota Square Mall (Gas),","8201 S Tamiami Trail,Sarasota FL ,34328"
-84.212088,30.460557,"Costco: Tallahassee (Gas),","4067 Lagniappe Way,Tallahassee FL ,32317"
-82.58107,28.044266,"Costco : Tampa (Gas),","8712 W Linebaugh Ave,Tampa FL ,33625"
-81.300069,28.599536,"Costco: Orlando E (Gas),","3333 University Blvd,Winter Park FL ,32792"
-84.277495,34.090509,"Costco: Alpharetta (Gas/Diesel),","2855 Jordan Ct; Hwy 19 Exit 11,Alpharetta GA ,30004"
-84.469816,33.880435,"Costco: Cumberland Mall (Gas),","2900 Cumberland Mall; I-285 Exit 20,Atlanta GA ,30339"
-84.336724,33.872188,"Costco: Brookhaven, (Gas),","500 Brookhaven Ave,Atlanta GA ,30319"
-84.353593,33.928307,"Costco: Perimeter (Gas),","6350 Peachtree Dunwoody Rd;  Hwy 19 Exit 5,Atlanta GA ,30328"
-82.020216,33.525053,"Costco: Augusta (Gas),","825 Alexander Dr; I-20 Exit 200,Augusta GA ,30909"
-83.996563,34.062092,"Costco: Mall of Georgia (Gas),","1550 Mall of Georgia Blvd; I-85 Exit 115,Buford GA ,30519"
-84.115514,34.211457,"Costco: Cumming (Gas),","1211 Bald Ridge Marina Rd,Cumming GA ,30041"
-84.143039,33.947764,"Costco: Gwinnett (Gas),","3980 Venture Dr,Duluth GA ,30096"
-84.569719,34.004777,"Costco: Town Center (Gas/Diesel),","645 Barrett Pkwy; I-75 Exit 269,Kennesaw GA ,30144"
-84.333622,33.571916,"Business Center: Morrow (Gas),","1700 Mount Zion Rd; I-75 Exit 233,Morrow GA ,30260"
-85.194667,34.968399,"Costco: Fort Oglethorpe (Gas),","100 Cobb Parkway; I-75 Exit 353,Ringgold GA ,30736"
-157.709496,21.283655,"Costco: Hawaii Kai,","333A Keahole St,Honolulu Oahu HI ,96825"
-157.87112,21.318564,"Costco: Iwilei (Oahu) (Gas),","525 Alakawa St,Honolulu Oahu HI ,96817"
-156.450774,20.887142,"Costco: Maui (Gas),","540 Haleakala Hwy,Kahului Maui HI ,96732"
-158.087532,21.32673,"Costco: Kapolei (Gas),","4589 Kapolei Pkwy,Kapolie Oahu HI ,96707"
-156.01647,19.685045,"Costco: Kona (Hawaii) (Gas/Diesel),","73-5600 Maiau St,Kona Hawaii HI ,96740"
-159.379545,21.967039,"Costco: Kauai (Gas),","4300 Nuhou St,Lihue Hawaii HI ,96766"
-158.000376,21.42656,"Costco: Waipahu (Oahu) (Gas),","94-1231 Ka Uka Blvd,Waipahu Oahu HI ,96797"
-91.617249,41.69748,"Costco: Coralville (Gas),","2900 Heartland Dr; I-80 Exit 240,Coralville IA ,52241"
-93.805066,41.56272,"Costco: Des Moines (Gas),","7205 Mills Civic Pkwy; I-35 Exit 70,West Des Moines IA ,50266"
-116.27669,43.585077,"Costco: Boise (Gas),","2051 S Cole Rd; I-84 Exit 50,Boise ID ,83709"
-116.783026,47.708846,"Costco: Coeur D'Alene (Gas/Diesel),","355 East Neider Ave,Coeur D'Alene ID ,83815"
-116.589753,43.614889,"Costco: Nampa (Gas),","16700 N Marketplace Blvd; I-84 Exit 33,Nampa ID ,83687"
-112.45517,42.904996,"Costco: Pocatello (Gas),","305 West Quinn; I-86 Exit 61,Pocatello ID ,83202"
-114.463844,42.592958,"Costco: Twin Falls (Gas),","731 Pole Line Rd,Twin Falls ID ,83301"
-87.744844,41.759023,"Business Center: Bedford Park (Gas),","7300 S Cicero Ave,Bedford Park IL ,60629"
-88.133133,41.941111,"Costco: Bloomingdale (Gas),","505 W. Army Trail Rd,Bloomingdale IL ,60108"
-88.032535,41.728379,"Costco: Bolingbrook (Gas),","830 E Boughton Rd,Bolingbrook IL ,60440"
-87.66687,41.86271,"Costco: Chicago - South Loop (Gas),","1430 S Ashland Ave,Chicago IL ,60608"
-87.676904,41.929504,"Costco: Lincoln Park (Gas),","2746 N Clybourn Ave,Chicago IL ,60614"
-89.583497,40.672382,"Costco: East Peoria (Gas),","301 West Washington,East Peoria IL ,61611"
-87.821582,42.109363,"Costco: Glenview (Gas),","2900 Patriot Blvd,Glenview IL ,60026"
-88.339285,42.178622,"Costco: Lake in the Hills (Gas),","250 N. Randall Rd,Lake in the Hills IL ,60156"
-88.093412,42.187135,"Costco: Lake Zurich (Gas),","680 S. Rand Rd,Lake Zurich IL ,60047"
-87.836304,41.910016,"Costco: Melrose Park (Gas/Diesel),","8400 W North Ave,Melrose Park IL ,60160"
-87.903328,42.238313,"Costco: Mettawa (Gas),","25901 Riverwoods Rd,Mettawa IL ,60045"
-87.932579,42.083331,"Costco: Mount Prospect (Gas),","999 N. Elmhurst Rd,Mount Prospect IL ,60056"
-88.203357,41.745328,"Costco: Naperville (Gas),","1320 South Rte-59,Naperville IL ,60564"
-87.780429,42.014815,"Costco: Niles (Gas),","7311 Melvina Ave; I-94 Exit 39,Niles IL ,60714"
-87.807117,41.844441,"Costco: North Riverside (Gas),","2500 S Harlem Ave,North Riverside IL ,60546"
-87.965854,41.845484,"Costco: Oak Brook (Gas),","1901 West 22nd Street,Oak Brook IL ,60523"
-87.861904,41.599465,"Costco: Orland Park (Gas),","9915 W 159th Street,Orland Park IL ,60462"
-88.042213,42.055271,"Costco: Schaumburg (Gas),","1375 North Meacham Rd,Schaumburg IL ,60173"
-88.343044,41.909392,"Costco: St. Charles (Gas),","221 S. Randall Rd,St Charles IL ,60174"
-86.061667,39.913664,"Costco: Castleton (Gas),","6110 East 86th; I-405 Exit 35,Castleton IN ,46250"
-85.159063,41.12631,"Costco: Fort Wayne (Gas),","5110 Value Dr; I-69 Exit 311,Fort Wayne IN ,46808"
-86.171755,41.71954,"Costco: Mishawaka (Gas),","625 E University Dr,Granger IN ,46530"
-86.088636,39.637539,"Costco: South Indianapolis (Gas/Diesel),","4628 E County Line Rd; I-65 Exit 101,Indianapolis IN ,46237"
-86.226581,39.91752,"Costco: Fortune Park (Gas/Diesel),","9010 Michigan Rd; I-465 Exit 27,Indianapolis IN ,46268"
-87.321868,41.473844,"Costco: Merrillville (Gas),","1310 E 79th Ave; I-65 Exit 263,Merrillville IN ,46410"
-94.733509,38.958856,"Costco: Lenexa (Gas),","9350 Marshall Dr; I-35 Exit 224,Lenexa KS ,66215"
-94.670834,38.907288,"Costco: Overland Park (Gas),","12221 Blue Valley Pkwy,Overland Park KS ,66213"
-97.22403,37.679637,"Costco: Wichita (Gas/Diesel),","9700 E Kellog; I-35 Exit 50;,Wichita KS ,67207"
-84.649777,38.987565,"Costco: Florence (Gas/Diesel),","800 Heights Blvd,Florence KY ,41042"
-84.410291,38.024108,"Costco: Lexington (Gas),","1500 Fitzgerald Ct,Lexington KY ,40509"
-85.666174,38.204505,"Costco: Louisville (Gas/Diesel),","3408 Bardstown Rd; I-264 Exit 16,Louisville KY ,40218"
-85.573143,38.316334,"Costco: Louisville (Gas),","5020 Norton Healthcare Blvd; I-265 Exit 34,Louisville KY ,40241"
-91.07352,30.420017,"Costco: Baton Rouge (Gas),","10000 Dawndale Ave,Baton Rouge LA ,70809"
-92.043569,30.156278,"Costco: Lafayette (Gas/Diesel),","201 Meadow Farm Rd,Lafayette LA ,70508"
-90.111344,29.968244,"Costco: New Orleans (Gas),","3900 Dublin St; I-10 Exit 232;,New Orleans LA ,70118"
-71.066117,42.137382,"Costco: Avon,","120 Stockwell Dr; Hwy 24 Exit 19,Avon MA ,02322"
-70.977402,42.556955,"Costco: Danvers (Gas),","11 Newbury St; I-95 Exit 47,Danvers MA ,01923"
-71.173641,42.231906,"Costco: Dedham (Gas),","200 Legacy Blvd,Dedham MA ,02026"
-71.071382,42.396798,"Costco: Everett,","2 Mystic View Rd,Everett MA ,02149"
-71.265283,42.394577,"Costco: Waltham,","71 Second Ave; I-95 Exit 27,Waltham MA ,02451"
-72.620777,42.1317,"Costco: West Springfield,","119 Daggett Dr; I-91 Exit 13,West Springfield MA ,01089"
-97.198652,49.904268,"Costco: Winnipeg West,","1315 St. James Street,Winnipeg MB ,R3H 0K9"
-97.052697,49.896763,"Costco: Winnipeg East (Gas),","1499 Regent Avenue,Winnipeg MB ,R2C 4M4"
-97.20549,49.82027,"Costco: Winnipeg South (Gas),","2365 McGillivray Blvd,Winnipeg MB ,R3Y 0A1"
-76.444935,39.357858,"Costco: White Marsh  (Gas),","9919 Pulaski Hwy,Baltimore MD ,21220"
-76.908267,39.032484,"Costco: Beltsville (Gas),","10925 Baltimore Ave,Beltsville MD ,20705"
-76.872485,38.670319,"Costco: Brandywine (Gas),","16006 Crain Hwy,Brandywine MD ,20613"
-76.793645,39.186369,"Costco: Columbia (Gas),","6675 Marie Curie Dr,Elkridge MD ,21075"
-77.407533,39.401683,"Costco: Frederick (Gas),","10 Monocacy Blvd,Frederick MD ,21704"
-77.214491,39.155967,"Costco: Gaithersburg,","880 Russell Ave,Gaithersburg MD ,20879"
-76.60042,39.196361,"Costco: Glen Burnie (Gas),","575 East Ordnance Rd,Glen Burnie MD ,21060"
-76.730744,39.15582,"Costco: Arundel Mills (Gas),","7077 Arundel Mills Cir,Hanover MD ,21076"
-76.851797,38.923783,"Costco: Woodmore Towne Centre (Gas),","2400 Five Lees Ln,Lanham MD ,20706"
-77.054972,39.036784,"Costco: Wheaton,","11160 Veirs Mill Rd,Wheaton MD ,20902"
-83.295923,42.70663,"Costco: Auburn Hills (Gas),","400 Brown Rd; I-75 Exit 84,Auburn Hills MI ,48326"
-83.29271,42.607025,"Costco: Bloomfield (Gas),","2343 South Telegraph Rd,Bloomfield MI ,48302"
-83.761964,42.503781,"Costco: Green Oak Township (Gas),","6700 Whitmore Lake Rd,Brighton MI ,48116"
-83.502956,42.598149,"Costco: Commerce Township (Gas),","3000 Commerce Crossing,Commerce Township MI ,48390"
-84.442275,42.752712,"Costco: East Lansing (Gas),","2540 E Saginaw Hwy,East Lansing MI ,48823"
-85.542822,42.910571,"Costco: Grand Rapids East (Gas),","5100 28th Street SE; I-96 Exit 43,Grand Rapids MI ,49512"
-85.646834,42.27182,"Costco: Kalamazoo (Gas),","5100 Century Ave; I-94 Exit 36,Kalamazoo MI ,49006"
-83.331396,42.381533,"Costco: Middlebelt (Gas),","13700 Middlebelt Rd; I-96 Exit 176,Livonia MI ,48150"
-83.429629,42.432843,"Costco: Haggerty (Gas),","20000 Haggerty Rd,Livonia MI ,48152"
-83.11766,42.515578,"Costco: Madison Heights (Gas),","30550 Stephenson Hwy,Madison Heights MI ,48071"
-83.743887,42.230682,"Costco: Pittsfield Township (Gas),","771 Airport Blvd,Pittsfield MI ,48108"
-82.934858,42.49594,"Costco: Roseville (Gas/Diesel),","27118 Gratiot Ave 27118 Gratiot Ave,Roseville MI ,48066"
-82.979754,42.630157,"Costco: Shelby Township (Gas),","45460 Market Street,Shelby Township MI ,48315"
-85.572433,44.733226,"Costco: Traverse City (Gas),","125 E South Airport Rd,Traverse City MI ,49686"
-85.764064,42.8766,"Costco: Wyoming (Gas),","4901 Wilson Ave,Wyoming MI ,49418"
-94.247851,46.348716,"Costco: Baxter (Gas),","13650 Elder Dr,Baxter MN ,56425"
-93.293897,44.749076,"Costco: Burnsville (Gas),","14050 Burnhaven Dr,Burnsville MN ,55337"
-93.435923,44.860296,"Costco: Eden Prairie (Gas),","12011 Technology Dr,Eden Prairie MN ,55344"
-93.4238,45.092965,"Costco: Maple Grove (Gas),","11330 Fountains Dr N,Maple Grove MN ,55369"
-93.039783,45.029315,"Costco: Maplewood (Gas),","1431 Beam Ave,Maplewood MN ,55109"
-93.347894,45.198777,"Costco: Coon Rapids (Gas),","12547 Riverdale Blvd,Minneapolis MN ,55433"
-92.520854,44.052096,"Costco: Rochester (Gas),","2020 Commerce Dr NW,Rochester MN ,55901"
-93.354053,44.966922,"Costco: St. Louis Park (Gas),","5801 16th Street West,St Louis Park MN ,55416"
-92.9629,44.93877,"Costco: Woodbury (Gas),","7070 Tamarack Rd; I-494 Exit 58C,Woodbury MN ,55125"
-94.357184,39.036357,"Costco: Independence (Gas),","19040 E Valley View Pkwy,Independence MO ,64055"
-94.585823,39.25386,"Costco : Kansas City (Gas/Diesel),","1600 NW 88th St,Kansas City MO ,64155"
-94.581047,39.067173,"Costco: Kansas City (Gas),","241 East Linwood Blvd,Kansas City MO ,64111"
-90.507433,38.597675,"Costco: Manchester (Gas),","301 Highlands Blvd Dr,Manchester MO ,63011"
-90.606963,38.796124,"Costco: St. Peters (Gas),","200 Costco Way,Saint Peters MO ,63376"
-90.338503,38.508146,"Costco: St. Louis (Gas),","4200 Rusty Rd,St Louis MO ,63128"
-108.572908,45.75336,"Costco: Billings (Gas/Diesel),","2290 King Ave West,Billings MT ,59102"
-111.070653,45.71334,"Costco: Bozeman (Gas),","2505 Catron St; I-90 Exit 305,Bozeman MT ,59718"
-112.002503,46.615453,"Costco: Helena (Gas),","2195 E Custer Ave,Helena MT ,59602"
-114.29897,48.174177,"Costco: Kalispell (Gas),","2330 US Hwy-93 N,Kalispell MT ,59901"
-114.037797,46.894404,"Costco: Missoula (Gas),","3220 N Reserve St,Missoula MT ,59808"
-66.661928,45.928946,"Costco: Fredericton (Gas),","25 Wayne Squibb Blvd,Fredericton NB ,E3C 0G8"
-64.82886,46.11745,"Costco: Moncton,","25 Trinity Dr,Moncton NB ,E1G 2J7"
-66.02678,45.3049,"Costco: Saint John,","300 Retail Dr,Saint John NB ,E2J 2R2"
-78.826229,35.746995,"Costco: Apex (Gas),","1021 Pine Plaza Dr,Apex NC ,27523"
-80.88466,35.161372,"Costco: Charlotte (Gas),","500 Tyvola Rd; I-77 Exit 5,Charlotte NC ,28217"
-78.913853,36.029147,"Costco: Durham (Gas),","1510 North Pointe Dr,Durham NC ,27705"
-79.883605,36.057402,"Costco: Greensboro (Gas),","4201 West Wendover Ave,Greensboro NC ,27407"
-80.704646,35.129532,"Costco: Matthews (Gas),","2125 Matthews Township Pkwy,Matthews NC ,28105"
-78.621729,35.818085,"Costco: Raleigh (Gas),","2838 Wake Forest Rd,Raleigh NC ,27609"
-77.872737,34.248883,"Costco: Wilmington (Gas),","5351 Gingerwood Dr,Wilmington NC ,28405"
-80.317767,36.064301,"Costco: Winston Salem (Gas),","1085 Hanes Mall Blvd,Winston Salem NC ,27103"
-96.887814,46.844475,"Costco: West Fargo (Gas),","750 23rd Ave East; I-94 Exit 347,West Fargo ND ,58078"
-96.110247,41.177821,"Costco: La Vista (Gas/Diesel),","12515 Portside Pkwy,La Vista NE ,68128"
-96.698022,40.739443,"Costco: Lincoln (gas),","1620 Pine Lake Rd,Lincoln NE ,68512"
-96.105066,41.265701,"Costco: Omaha (Gas),","12300 West Dodge Rd,Omaha NE ,68154"
-71.442905,42.702372,"Costco: Nashua,","311 Daniel Webster Hwy,Nashua NH ,03060"
-74.157622,40.05429,"Costco: Brick Township (Gas),","465 Route 70,Brick NJ ,08723"
-74.558367,40.563248,"Costco: Bridgewater,","325 Promenade Blvd,Bridgewater NJ ,08807"
-74.136482,40.831654,"Costco: Clifton (Gas),","20 Bridewell Pl,Clifton NJ ,07014"
-74.379378,40.812408,"Costco: East Hanover,","156 SR-10 West,East Hanover NJ ,07936"
-74.375611,40.530416,"Costco: Edison (Gas),","205 Vineyard Rd; I-287 Exit 2,Edison NJ ,08817"
-74.859711,40.517479,"Costco : Flemington (Gas),","2a Walter E Foran Blvd N,Flemington NJ ,08822"
-74.037842,40.876223,"Business Center: Hackensack,","80 South River St,Hackensack NJ ,07601"
-74.170514,40.41941,"Costco: Hazlet,","2835 Rte 35 South,Hazlet NJ ,07730"
-74.674519,40.262538,"Costco: Princeton (Gas),","4100 Quakerbridge Rd,Lawrence Twn NJ ,08648"
-74.287694,39.706722,"Costco: Manahawkin (Gas),","245 Stafford Park Blvd,Manahawkin NJ ,08050"
-74.303647,40.360838,"Costco: Marlboro (Gas),","18 Rte 9,Morganville NJ ,07751"
-74.907553,39.971767,"Costco: Mount Laurel (Gas),","100 Centerton Rd,Mount Laurel NJ ,08054"
-74.507287,40.436528,"Costco: North Brunswick Gas),","100 Grand Ave,North Brunswick NJ ,08902"
-74.459421,40.611687,"Costco: North Plainfield (Gas),","1290 Hwy 22E,North Plainfield NJ ,07060"
-74.045395,40.233946,"Costco: Ocean Township (Gas),","2361 Rte-66,Ocean NJ ,07712"
-74.056778,40.857684,"Costco: Teterboro (Gas/Diesel),","2 Teterboro Landing Dr,Teterboro NJ ,07608"
-74.287644,40.694159,"Costco: Union,","1055 Hudson St,Union NJ ,07083"
-74.254896,40.889996,"Costco: Wayne (Gas),","149 SR 23,Wayne NJ ,07470"
-74.568627,40.906921,"Costco: Wharton (Gas),","315 Rte 15; I-80 Exit 34;,Wharton NJ ,07885"
-52.714859,47.614792,"Costco: St. John's (Gas),","28 Stavanger Dr,St John's NL ,A1A 5E8"
-106.613754,35.13664,"Costco: Albuquerque (Gas),","1420 Renaissance Blvd NE,Albuquerque NM ,87107"
-106.52992,35.068429,"Costco: Albuquerque (Gas),","500 Eubank Blvd SE,Albuquerque NM ,87123"
-106.662063,35.195646,"Costco: Albuquerque (Gas),","9955 Coors Blvd Bypass NW,Albuquerque NM ,87114"
-63.566487,44.70445,"Costco: Dartmouth,","137 Countryview Dr,Dartmouth NS ,B3B 0E7"
-63.676136,44.656146,"Costco: Halifax,","230 Chain Lake Dr,Halifax NS ,B3S 1C5"
-119.776409,39.116662,"Costco: Carson City (Gas),","700 Old Clear Creek Rd,Carson City NV ,89705"
-115.037582,36.069821,"Costco: Henderson (Gas),","791 Marks St,Henderson NV ,89014"
-115.162748,36.17158,"Business Center: Las Vegas (Gas),","222 S Martin Luther King Blvd,Las Vegas NV ,89106"
-115.209434,36.278941,"Costco: Centennial (Gas),","6555 N Decatur Blvd,Las Vegas NV ,89131"
-115.332961,36.163236,"Costco: Summerlin (Gas),","801 S. Pavilion Center Dr,Las Vegas NV ,89144"
-119.78509,39.503098,"Costco: Reno (Gas),","2200 Harvard Way,Reno NV ,89502"
-119.738431,39.579072,"Costco: Sparks (Gas/Diesel),","4810 Galleria Pkwy,Sparks NV ,89436"
-74.009074,40.655481,"Costco: Brooklyn,","976 3rd Ave,Brooklyn NY ,11232"
-76.270593,43.056499,"Costco: Syracuse (Gas),","120 Township Blvd,Camillus NY ,13031"
-73.285819,40.807046,"Costco: Commack,","10 Garret Pl,Commack NY ,11725"
-73.050837,40.773087,"Costco: Holbrook,","125 Beacon Dr,Holbrook NY ,11741"
-73.740239,40.63037,"Costco: Lawrence,","605 Rockaway Turnpike,Lawrence NY ,11559"
-73.937681,40.767463,"Costco: Queens,","3250 Vernon Blvd,Long Island City NY ,11106"
-73.420451,40.757585,"Costco: Melville,","625 Broadhollow Rd,Melville NY ,11747"
-74.025274,41.107253,"Costco: Nanuet (Gas),","50 Overlook Blvd,Nanuet NY ,10954"
-73.130006,40.859348,"Costco: Nesconset,","3000 Middle Country Rd,Nesconset NY ,11767"
-73.794504,40.896147,"Costco: New Rochelle (Gas),","1 Industrial Ln,New Rochelle NY ,10805"
-73.93146,40.795715,"Costco: Manhattan,","517 E 117th St,New York NY ,10035"
-73.652807,40.620227,"Costco: Oceanside (Gas),","3705 Hampton Rd,Oceanside NY ,11572"
-73.661786,40.999368,"Costco: Port Chester,","1 Westchester Ave,Port Chester NY ,10573"
-73.863572,40.73333,"Costco: Rego Park,","6135 Junction Blvd,Rego Park NY ,11374"
-72.706843,40.925794,"Costco: Riverhead (Gas),","1768 Old Country Rd,Riverhead NY ,11901"
-77.613867,43.114497,"Costco: Rochester (Gas/Diesel),","335 Westfall Rd; I-590 Exit 16;,Rochester NY ,14620"
-74.168663,40.57268,"Costco: Staten Island (Gas),","2975 Richmond Ave,Staten Island NY ,10314"
-73.598376,40.744072,"Costco: Westbury,","1250 Old Country Rd,Westbury NY ,11590"
-73.86129,40.974962,"Costco: Yonkers,","20 Stew Leonard Dr,Yonkers NY ,10710"
-82.011715,41.459832,"Costco: Avon (Gas),","35804 Detroit Rd,Avon OH ,44011"
-81.506706,41.263626,"Costco: Boston Heights (Gas/Diesel),","6720 Bass Pro Dr; I-80 Exit 180,Boston Heights OH ,44236"
-84.107013,39.662368,"Costco: Centerville (Gas),","5300 Cornerstone North Blvd; I-675 Exit 7,Centerville OH ,45440"
-84.302928,39.295921,"Costco: Deerfield Township (Gas),","9691 Waterstone Blvd,Cincinnati OH ,45249"
-81.446493,41.524267,"Costco: Mayfield Heights (Gas),","1409 Golden Gate Blvd; I-271 Exit 34,Cleveland OH ,44124"
-82.977433,40.150981,"Costco: Columbus (Gas),","1500 Gemini Pl,Columbus OH ,43240"
-82.904961,40.05336,"Costco: Eaton (Gas),","3888 Stelzer Rd; I-270 Exit 33,Columbus OH ,43219"
-83.634441,41.543933,"Costco: Perrysburg (Gas/Diesel),","26400 Dixie Hwy; I-475 Exit 2;,Perrysburg OH ,43551"
-83.189424,40.108634,"Costco: Columbus NW (Gas/Diesel),","7300 SR 161 E,Plain City OH ,43064"
-84.451021,39.288172,"Costco: Springdale (Gas),","1100 East Kemper Rd,Springdale OH ,45246"
-81.815714,41.317393,"Costco: Strongsville (Gas),","16690 Royalton Rd; I-71 Exit 231,Strongsville OH ,44136"
-83.626029,41.675652,"Costco: Toledo (Gas/Diesel),","3405 West Central Ave,Toledo OH ,43606"
-95.887447,36.014915,"Costco: Tulsa (Gas/Diesel),","10220 S Memorial Dr,Tulsa OK ,74133"
-79.019814,43.864416,"Costco: Ajax  (Gas),","150 Kingston Road East,Ajax ON ,L1Z 1E5"
-79.94806,43.22876,"Costco: Ancaster (Gas),","100 Legend Court,Ancaster ON ,L9K 1J3"
-79.681349,44.334669,"Costco: Barrie (Gas),","41 MapleView Drive East,Barrie ON ,L4N 9A9"
-79.71337,43.68106,"Costco: Brampton,","100 Biscayne Crescent,Brampton ON ,L6W 4S1"
-79.822385,43.343751,"Costco: Burlington,","1225 Brant St,Burlington ON ,L7P 1X7"
-79.48406,44.06988,"Costco: Newmarket (Gas),","18182 Yonge St,East Gwillimbury ON ,L9N 0J3"
-79.507102,43.623238,"Costco: Etobicoke (Gas),","50 Queen Elizabeth Blvd,Etobicoke ON ,M8Z 1M1"
-75.60237,45.41498,"Costco: Gloucester,","1900 Cyrville Road,Gloucester ON ,K1B 1A5"
-80.294832,43.52272,"Costco: Guelph (Gas),","19 Elmira Rd S,Guelph ON ,N1K 0B6"
-75.911847,45.302573,"Costco: Kanata,","770 Silver Seven Rd,Kanata ON ,K2V 1A5"
-76.56001,44.26071,"Costco: Kingston,","1015 Centennial Dr,Kingston ON ,K7P 3B7"
-80.39276,43.40661,"Costco: Kitchener,","4438 King Ste,Kitchener ON ,N2P 2G4"
-81.21089,42.91875,"Costco: Westminster,","4313 Wellington Road South,London ON ,N6E 2Z8"
-81.293356,42.987548,"Costco: North London (Gas),","693 Wonderland Road North,London ON ,N6H 4L1"
-79.35454,43.84586,"Costco: Markham,","1 YorkTech Drive,Markham ON ,L6G 1A6"
-79.2527,43.85166,"Costco: East Markham,","65 Kirkham Dr,Markham ON ,L3S 0A9"
-79.579596,43.612299,"Costco: Mississauga Central (Gas),","1570 Dundas Ste,Mississauga ON ,L4X 1L4"
-79.687711,43.521232,"Costco: South Mississauga,","3180 Laird Road,Mississauga ON ,L5L 5P8"
-79.68947,43.6115,"Costco: Mississauga N,","5900 Rodeo Dr,Mississauga ON ,L5R 3S9"
-75.72593,45.33812,"Costco: Nepean (Gas),","1849 Merivale Road,Nepean ON ,K2G 1E3"
-75.780785,45.269711,"Costco : Barrhaven (Gas),","4315 Strandherd Dr,Nepean ON ,K2J 6E5"
-79.454842,43.730577,"Costco: Downsview,","100 Billy Bishop Way,North York ON ,M3K 2C8"
-79.457159,44.59602,"Costco: Orillia (Gas),","625 University Ave; Hwy 11 Exit 131,Orillia ON ,L3V 0Y7"
-78.856003,43.903757,"Costco: Oshawa (Gas),","130 Ritson Rd North,Oshawa ON ,L1G 1Z7"
-78.34119,44.27191,"Costco: Peterborough (Gas),","485 The Parkway,Peterborough ON ,K9J 0B3"
-79.392051,43.901816,"Costco: Richmond Hill,","35 John Birchall Rd,Richmond Hill ON ,L4S 0B2"
-79.296688,43.759022,"Costco: Scarborough,  (Gas),","1411 Warden Ave,Scarborough ON ,M1R 2S3"
-79.281427,43.730345,"Business Center: Scarborough,","50 Thermos Rd,Scarborough ON ,M1L 0E6"
-79.25089,43.179063,"Costco: St. Catharines,","3 North Service Road,St Catharines ON ,L2N 7R1"
-79.643225,43.216816,"Costco: Stoney Creek (Gas),","1330 S Service Rd; QEW Exit 78,Stoney Creek ON ,L8E 5C5"
-80.945672,46.504101,"Costco: Sudbury,","1465 Kingsway,Sudbury ON ,P3A 6B3"
-79.639189,43.769937,"Costco: NW Vaughan (Gas),","55 New Huntington Rd,Vaughan ON ,L4L 0S8"
-80.582161,43.444302,"Costco : Waterloo (Gas),","930 Erb St W,Waterloo ON ,N2J 3Z4"
-82.965596,42.254776,"Costco: Windsor (Gas),","4411 Walker Rd,Windsor ON ,N8W 3T6"
-79.542378,43.786207,"Costco: Vaughn (Gas),","71 Colossus Dr,Woodbridge ON ,L4L 9J8"
-123.065067,44.63864,"Costco: Albany (Gas),","3130 Killdeer Ave,Albany OR ,97321"
-122.842331,45.508693,"Costco: Aloha (Gas),","15901 SW Jenkins,Aloha OR ,97006"
-121.267616,44.057267,"Costco: Bend,","2500 NE Hwy-20,Bend OR ,97701"
-122.888314,42.374415,"Costco: Central Point (Gas/Diesel),","3075 Hamrick Rd,Central Point OR ,97502"
-122.575767,45.42878,"Costco: Clackamas (Gas),","13130 SE 84th Avenue,Clackamas OR ,97015"
-123.066212,44.088856,"Costco: Eugene (Gas),","2828 Chad Dr,Eugene OR ,97408"
-122.935438,45.536192,"Costco: Hillsboro (Gas),","1255 NE 48th Avenue,Hillsboro OR ,97124"
-122.858953,42.369006,"Costco: Medford (Gas),","3639 Crater Lake Hwy,Medford OR ,97504"
-122.524464,45.55945,"Costco: Portland (Gas/Diesel),","4849 NE 138th Avenue,Portland OR ,97230"
-123.349807,43.259358,"Costco: Roseburg (Gas),","4141 NE Stephens,Roseburg OR ,97470"
-122.995395,44.919209,"Costco: Salem (Gas),","1010 Hawthorne Ave SE,Salem OR ,97301"
-122.758125,45.434842,"Costco: Tigard (Gas/Diesel),","7850 SW Dartmouth Ave,Tigard OR ,97223"
-123.913903,46.146914,"Costco: Warrenton (Gas),","1804 SE Ensign Lane,Warrenton OR ,97146"
-122.763322,45.332652,"Costco: Wilsonville (Gas),","25900 SW Heather Pl; I-5 Exit 286,Wilsonville OR ,97070"
-75.56749,40.565781,"Costco : Allentown (Gas),","791 N Krocks Rd,Allentown PA ,18106"
-80.107728,40.690676,"Costco: Cranberry Township (Gas),","1050 Cranberry Square Dr,Cranberry Township PA ,16066"
-75.531831,39.889768,"Costco: Concordville (Gas),","700 Evergreen Dr,Glen Mills PA ,19342"
-76.79958,40.30982,"Costco: Harrisburg (Gas),","5125 Jonestown Rd,Harrisburg PA ,17112"
-79.921744,40.402736,"Costco: Homestead (Gas),","501 W Waterfront Dr,Homestead PA ,15120"
-75.386453,40.091197,"Costco: King of Prussia,","201 Allendale Rd,King of Prussia PA ,19406"
-76.256277,40.05324,"Costco: Lancaster (Gas),","1875 Hempstead Rd,Lancaster PA ,17601"
-75.23421,40.237198,"Costco: Montgomeryville,","740 Upper State Rd,North Wales PA ,19454"
-80.165628,40.459596,"Costco: Robinson (Gas),","202 Costco Dr,Pittsburgh PA ,15205"
-75.574669,40.238706,"Costco: Sanatoga (Gas),","14 West Lightcap Rd,Pottstown PA ,19464"
-75.080092,40.196711,"Costco: Bucks County (Gas),","100 Veterans Way,Warminster PA ,18974"
-73.584967,45.609253,"Costco: Anjou, (Gas),","7373 rue Bombardier,Anjou QC ,H1J 2V2"
-73.850055,45.631536,"Costco: Boisbriand,","3600 Ave Des Grandes Tourelles,Boisbriand QC ,J7H 0A1"
-73.40544,45.57533,"Costco: Boucherville (Gas),","635 Chemin de Touraine,Boucherville QC ,J4B 5E4"
-73.479073,45.434095,"Costco: Brossard (Gas),","9430 boul Taschereau,Brossard QC ,J4X 2W2"
-73.516721,45.37101,"Costco: Candiac (Gas),","60 rue Strasbourg,Candiac QC ,J5R 0B4"
-71.084096,48.382756,"Costco: Chicoutimi,","2500 boul Talbot RR4,Chicoutimi QC ,G7H 5B1"
-72.509422,45.909505,"Costco: Drummondville (Gas),","105 Rue-Robert-Bernard,Drummondville QC ,J2C 8N1"
-75.70072,45.4752,"Costco: Gatineau,","1100 Boul. Maloney Ouest,Gatineau QC ,J8T 6G3"
-73.757164,45.573302,"Costco: Laval (Gas),","2999 autoroute Laval (440 Ouest),Laval QC ,H7P 5P4"
-71.270739,46.727114,"Costco: Levis (Gas),","1160 Rue de la Concorde,Levis QC ,G6W 0M4"
-73.660251,45.535566,"Costco: Marché Central,","1015 rue du Marché Central,Montreal QC ,H4N 3J4"
-73.552587,45.486109,"Costco: Montréal (Gas),","300 rue Bridge,Montreal QC ,H3K 2C3"
-73.81791,45.47097,"Costco: Pointe Claire,","5701 Aut Transcanadienne,Pointe-Claire QC ,H9R 1B7"
-71.268514,46.839492,"Costco: Quebec Gas),","440 rue Bouvier,Quebec QC ,G2J 1E3"
-71.328167,46.780983,"Costco: Sainte-Foy (Gas),","3233 rue Watt,Sainte-Foy QC ,G1X 4W2"
-73.431104,45.505354,"Costco: Saint-Hubert,","5025 boul Cousineau,Saint-Hubert QC ,J3Y 3K7"
-74.01786,45.76488,"Costco: Saint-Jérôme, (Gas),","1001 boul Jean-Baptiste-Rolland,Saint-Jerome QC ,J7Z 5T6"
-71.95171,45.39388,"Costco: Sherbrooke,","3400 King Ouest,Sherbrooke QC ,J1L 1C9"
-73.506432,45.721102,"Costco: Terrebonne (Gas),","870 montée des Pionniers,Terrebonne QC ,J6V 1N9"
-72.57094,46.33083,"Costco: Trois-Rivières-Ouest (Gas),","3000 boul des Récollets,Trois-Rivieres-Quest QC ,G9A 6J2"
-74.038984,45.414795,"Costco: Vaudreuil-Dorion (Gas/Diesel),","22400 Chemin Dumberry,Vaudreuil-Dorion QC ,J7V 0M8"
-80.035888,32.795575,"Costco: Charleston (Gas),","3050 Ashley Town Center,Charleston SC ,29414"
-81.139144,34.070559,"Cosrco: Columbia (Gas),","507 Piney Grove Rd; I-26 Exit 104,Columbia SC ,29210"
-82.313073,34.836061,"Costco: Greenville (Gas),","1021 Woodruff Rd; I-385 Exit 37,Greenville SC ,29607"
-78.915906,33.705698,"Costco: Myrtle Beach (Gas),","1021 Oak Forest Ln,Myrtle Beach SC ,29577"
-81.997836,34.940014,"Costco: Spartanburg (Gas),","211 W Blackstock Rd,Spartanburg SC ,29301"
-96.739254,43.512658,"Costco: Sioux Falls (Gas),","3700 S Grange Ave; I-229 Exit 3,Sioux Falls SD ,57105"
-104.54947,50.43968,"Costco: Regina (Gas),","665 University Park Drive,Regina SK ,S4V 2V8"
-106.674891,52.19415,"Costco: Saskatoon (Gas),","115 Marquis Drive,Saskatoon SK ,S7R 1C7"
-106.530491,52.090901,"Costco : South Saskatoon (Gas),","225 Market Dr,Saskatoon SK ,S7V 0L2"
-86.817406,35.963432,"Costco: Brentwood (Gas),","98 Seaboard Ln,Brentwood TN ,37027"
-89.795532,35.192031,"Costco: Memphis NE (Gas),","2431 North Germantown Pkwy; I-40 Exit 16,Cordova TN ,38016"
-84.14115,35.896308,"Costco: Farragut (Gas),","10745 Kingston Pike,Farragut TN ,37934"
-89.797364,35.046016,"Costco: Memphis SE (Gas),","3775 Hacks Cross Rd,Memphis TN ,38125"
-86.886137,36.139459,"Costco: Nashville (Gas),","6670 Charlotte Pike,Nashville TN ,37209"
-97.114497,32.684115,"Costco: Arlington (Gas),","600 West Arbrook Blvd,Arlington TX ,76014"
-97.743685,30.396721,"Costco: Austin (Gas),","10401 Research Blvd,Austin TX ,78759"
-97.842625,30.219083,"Costco: South Austin,","4301 W William Cannon Dr,Austin TX ,78749"
-97.819136,30.527321,"Costco: Cedar Park (Gas),","4601 183A Toll Rd,Cedar Park TX ,78613"
-96.7681881,32.919125,"Costco : Dallas (Gas),","8055 Churchill WayDallas,TX 75251 ,469-680-7546"
-96.90954,32.621583,"Costco: Duncanville (Gas),","250 West Hwy-67,Duncanville TX ,75137"
-106.409464,31.78226,"Costco: El Paso (Gas),","6101 Gateway West Blvd; I-10 Exit 23;,El Paso TX ,79925"
-97.408432,32.677915,"Costco: Fort Worth (Gas),","5300 Overton Ridge Blvd,Fort Worth TX ,76132"
-97.32013,32.901671,"Costco: Fort Worth N (Gas),","8900 Tehama Ridge Pkwy; I-35 Exit 62,Fort Worth TX ,76117"
-96.837102,33.171763,"Costco: Frisco (Gas),","11220 Dallas Pkwy,Frisco TX ,75033"
-95.52999,29.787768,"Costco: Bunker Hill (Gas),","1150 Bunker Hill Rd,Houston TX ,77055"
-95.548021,29.954581,"Costco: Willowbrook (Gas),","12405 N Gessner Rd,Houston TX ,77064"
-95.439146,29.73367,"Costco: Houston Galleria (Gas),","3836 Richmond Ave,Houston TX ,77027"
-95.266846,30.021269,"Costco: Humble (Gas/Diesel),","21802 Townson Blvd W,Humble TX ,77338"
-95.78152,29.782545,"Costco: Katy (Gas),","23645 Katy Freeway; I-10 Exit 742/743;,Katy TX ,77494"
-96.963593,32.99835,"Costco: Lewisville (Gas),","851 SH 121; I-35E Exit 447/448,Lewisville TX ,75067"
-101.94746,33.564607,"Costco: Lubbock (Gas/Diesel),","6020 34th st,Lubbock TX ,79407"
-95.389811,29.544538,"Costco: Pearland (Gas/Diesel),","3500 Business Center Dr,Pearland TX ,77584"
-98.202653,26.19335,"Costco: Pharrr (Gas),","1501 West Kelly Ave,Pharr TX ,78577"
-96.831029,33.024348,"Costco: Plano West (Gas),","1701 Dallas Pkwy,Plano TX ,75093"
-96.699569,33.044542,"Costco: Plano East (Gas),","3800 N. Central Expy,Plano TX ,75074"
-96.445721,32.908196,"Costco: Rockwall (Gas),","1225 Hwy 276,Rockwall TX ,75032"
-98.47535,29.612209,"Costco: Sonterra Park,","1201 North Loop 1604 East,San Antonio TX ,78232"
-98.597208,29.576109,"Costco: San Antonio NW (Gas),","5611 Utsa Blvd,San Antonio TX ,78249"
-82.311008,34.836086,"Costco: Selma (Gas),","15330 IH-35 North,Selma TX ,78154"
-97.112156,32.941412,"Costco: Southlake (Gas),","2601 E State Hwy-114,Southlake TX ,76092"
-95.643425,29.585354,"Costco: Sugar Land (Gas),","17520 SW Freeway,Sugar Land TX ,77479"
-95.453689,30.208462,"Costco: Woodlands (Gas/Diesel),","8185 SH 242; I-45 Exit 78,The Woodlands TX ,77385"
-111.82328,40.389995,"Costco: Lehi (Gas),","198 North 1200 East,Lehi UT ,84043"
-111.889559,40.657335,"Costco: Murray (Gas),","5201 S Intermountain Dr,Murray UT ,84107"
-111.977648,41.19704,"Costco: Ogden (Gas),","3656 Wall Ave,Ogden UT ,84405"
-111.680239,40.279923,"Costco: Orem (Gas),","648 East 800 South,Orem UT ,84097"
-111.901243,40.73112,"Costco: Salt Lake City (Gas),","1818 South 300 West,Salt Lake City UT ,84115"
-111.894772,40.549778,"Costco: Sandy (Gas/Diesel),","11100 S Auto Mall Dr,Sandy UT ,84070"
-111.975572,40.559958,"Costco: South Jordan (Gas/Diesel),","3571 W 10400 S,South Jordan UT ,84095"
-111.649574,40.124046,"Costco: Spanish Fork (Gas),","273 East 1000 North; I-15 Exit 210;,Spanish Fork UT ,84660"
-113.523511,37.122465,"Costco: St. George (Gas),","835 North 3050 East,St George UT ,84790"
-111.895108,40.889379,"Costco: Bountiful (Gas),","573 West 100 North,West Bountiful UT ,84010"
-111.95353,40.690047,"Costco: West Valley (Gas),","3747 South 2700 West,West Valley UT ,84119"
-77.089955,38.742555,"Costco: Mt Vernon,","7940 Richmond Hwy,Alexandria VA ,22306"
-77.057125,38.860961,"Costco: Pentagon City,","1200 South Fern St,Arlington VA ,22202"
-77.442867,38.894997,"Costco: Chantilly,","14390 Chantilly Crossing Ln,Chantilly VA ,20151"
-78.490575,38.065549,"Costco: Charlottesville (Gas/Diesel),","3171 District Ave,Charlottesville ,VA"
-77.371634,38.849499,"Costco: Fairfax (Gas),","4725 West Ox Rd,Fairfax VA ,22030"
-77.515922,38.294539,"Costco: Fredericksburg (Gas),","3102 Plank Rd,Fredericksburg VA ,22407"
-77.561451,37.642388,"Costco: West Henrico (Gas),","9650 West Broad St,Glen Allen VA ,23060"
-78.857356,38.427387,"Costco: Harrisonburg  (Gas),","1830 Reservoir St,Harrisonburg VA ,22801"
-77.533198,39.115223,"Costco: Leesburg (Gas),","1300 Edwards Ferry Rd NE,Leesburg VA ,20176"
-77.516427,38.783925,"Costco: Manassas (Gas),","10701 Sudley Manor Dr,Manassas VA ,20109"
-76.496687,37.106265,"Costco: Newport News (Gas),","12121 Jefferson Ave,Newport News VA ,23602"
-76.199804,36.851921,"Costco: Norfolk (Gas),","850 Glenrock Rd,Norfolk VA ,23502"
-77.605102,37.514582,"Costco: Chesterfield (Gas),","1401 Mall DR,Richmond VA ,23235"
-77.197242,38.739419,"Costco: Newington-Springfield,","7373 Boston Blvd,Springfield VA ,22153"
-77.401668,39.023685,"Costco: Sterling (Gas),","21398 Price,Sterling VA ,20164"
-78.155544,39.157633,"Costco: Winchester (Gas),","251 Front Royal Pike,Winchester VA ,22602"
-77.295311,38.643205,"Costco: Potomac Mills (Gas),","2700 Potomac Mills Circle,Woodbridge VA ,22192"
-73.174257,44.503958,"Costco: Colchester,","218 Lower Mountain View Dr; I-89 Exit 16,Colchester VT ,05446"
-122.514809,48.791767,"Costco : Bellingham (Gas/Diesel),","4125 Arctic Ave; I-5 Exit 257/258,Bellingham WA ,98226"
-122.33696,48.454334,"Costco: Burlington (Gas),","1725 S Burlington Blvd,Burlington WA ,98233"
-117.043462,46.423513,"Costco: Clarkston (Gas/Diesel),","301 5th St,Clarkston WA ,99403"
-122.121742,47.355307,"Costco: Covington (Gas)),","27520 Covington Way SE,Covington WA ,98042"
-120.280082,47.40158,"Costco: Wenatchee (Gas),","375 Highline Dr S,East Wenatchee WA ,98802"
-122.21017,47.903571,"Costco: Everett (Gas),","10200 19th Avenue SE,Everett WA ,98208"
-122.309595,47.286913,"Costco: Federal Way (Gas),","35100 Enchanted Pkwy S; I-5 Exit 142,Federal Way WA ,98003"
-122.373955,47.238297,"Business Center: Fife,","3900 20th St East,Fife WA ,98424"
-122.604393,47.357357,"Costco: Gig Harbor (Gas),","10990 Harbor Hill Dr,Gig Harbor WA ,98335"
-122.052198,47.550673,"Costco: Issaquah (Gas),","1801 10th Avenue NW,Issaquah WA ,98027"
-119.23485,46.225851,"Costco: Kennewick (Gas),","8505A W Gage Blvd,Kennewick WA ,99336"
-122.181657,47.680819,"Costco: Kirkland (Gas),","8629 120th Avenue NE; I-405 Exit 18,Kirkland WA ,98033"
-122.760505,47.06002,"Costco: Lacey (Gas/Diesel),","1470 Marvin Rd NE; I-5 Exit 111,Lacey WA ,98516"
-122.273414,47.832635,"Costco: Lynnwood (Gas/Diesel),","18109 33rd Ave W,Lynnwood WA ,98037"
-122.309838,47.825866,"Business Center: Lynwood (Gas),","19105 Hwy-99,Lynnwood WA ,98036"
-122.191152,48.147558,"Costco: Marysville (Gas),","16616 Twin Lakes Ave; I-5 Exit 206,Marysville WA ,98271"
-122.308696,47.156326,"Costco: Puyallup (Gas),","1201 39th SW,Puyallup WA ,98373"
-122.089622,47.677219,"Costco : Redmond (Gas/Diesel),","7725 188th Ave NE,Redmond WA ,98052"
-122.330453,47.564922,"Costco: Seattle (Gas),","4401 4th Avenue South; I-5 Exit 163,Seattle WA ,98134"
-123.125421,48.077069,"Costco: Sequim (Gas),","955 W Washington St,Sequim WA ,98382"
-122.344862,47.775285,"Costco: Aurora Village (Gas/Diesel),","1175 N 205th Street,Shoreline WA ,98133"
-122.68119,47.656953,"Costco: Silverdale (Gas/Diesel),","10000 Mickelberry Rd NW,Silverdale WA ,98383"
-117.33285,47.65836,"Costco: Spokane (Gas),","5601 East Sprague Ave,Spokane WA ,99212"
-117.41381,47.727662,"Costco: Spokane North (Gas),","7619 North Division St,Spokane WA ,99208"
-122.468144,47.224718,"Costco: Tacoma (Gas),","2219 South 37th Street; I-5 Exit 132 or 133,Tacoma WA ,98409"
-122.24834,47.445595,"Costco: Tukwila (Gas/Diesel),","400 Costco Dr Ste 150,Tukwila WA ,98188"
-122.915908,46.996217,"Costco: Tumwater (Gas),","5500 Littlerock Rd; I-5 Exit 102,Tumwater WA ,98512"
-120.500219,46.562265,"Costco: Union Gap (Gas),","2310 Longfibre Rd,Union Gap WA ,98903"
-122.472294,45.622389,"Costco: Vancouver (Gas),","19610 SE 1st Street,Vancouver WA ,98607"
-122.603762,45.685485,"Costco: Vancouver (Gas/Diesel),","6720 NE 84th Street,Vancouver WA ,98665"
-122.148822,47.779327,"Costco: Woodinville (Gas/Diesel),","24008 Snohomish-Woodinville Rd SE,Woodinville WA ,98072"
-87.985499,44.457594,"Costco: Bellevue (Gas),","2355 Costco Way,Bellevue WI ,54311"
-87.921614,43.432946,"Costco: Grafton (Gas),","950 Port Washington Rd,Grafton WI ,53024"
-88.488986,44.270857,"Costco: Grand Chute (Gas/Diesel),","5401 W Integrity Way,Grand Chute WI ,54913"
-88.11118,43.183387,"Costco: Whitestone Station (Gas/Diesel),","W162 N9235 Pershing Ave; Hwy 45 Exit 51/52,Menomenee Falls WI ,53051"
-89.519131,43.101305,"Costco: Middleton (Gas),","2150 Deming Way,Middleton WI ,53562"
-88.106354,42.944793,"Costco: New Berlin (Gas/Diesel),","15300 W Grange Ave,New Berlin WI ,53151"
-88.231393,43.089596,"Costco: Pewaukee (Gas),","443 Pewaukee Rd,Pewaukee WI ,53072"
-87.921133,42.564538,"Costco: Pleasant Prairie (Gas/Diesel),","7707 94th Ave; I-94 Exit 344,Pleasant Prairie WI ,53158"
-89.273419,43.167476,"Costco: Sun Prairie (Gas),","2850 Hoepker Rd,Sun Prairie WI ,53590"
